id,osm_id,name,shop_type,latitude,longitude,road,suburb,display_name
1,3291255926,Kiosk,convenience,-0.1253104,34.7535577,,Nyalenda B,"Wadhare, Nyalenda B, Kisumu Central, Kisumu, City of Kisumu, Kisumu, 40141, Keny"
2,3291258371,Kiosk,convenience,-0.125057,34.7536201,,Wadhare,"Wadhare, Kilo, Kisumu Central, Kisumu, City of Kisumu, Kisumu, 40141, Kenya"
3,3291258372,Kiosk,convenience,-0.1239009,34.7533096,,Wadhare,"Wadhare, Kilo, Kisumu Central, Kisumu, City of Kisumu, Kisumu, 40141, Kenya"
4,3291258373,Kiosk,convenience,-0.1227416,34.7529361,,Wadhare,"Wadhare, Kilo, Kisumu Central, Kisumu, City of Kisumu, Kisumu, 40141, Kenya"
6,3292350021,Unknown,butcher,-0.1033614,34.7557818,Achieng' Oneko Road,Southern sublocation,"Achieng' Oneko Road, Lower Railways, k.b.c., Southern sublocation, Kisumu Centra"
8,3834757804,Shivling,supermarket,-0.1048388,34.7529084,Oginga Odinga Street,Southern sublocation,"Oginga Odinga Street, Lower Railways, Southern sublocation, Kisumu Central, Kisu"
10,4620811493,street shop,convenience,-0.1183397,34.7464164,Harambee Road,Milimani,"Harambee Road, Milimani, Southern sublocation, Kisumu Central, Kisumu, City of K"
17,6851440464,QuickMart,supermarket,-0.1024953,34.7523456,Oginga Odinga Street,Southern sublocation,"Oginga Odinga Street, Lower Railways, Southern sublocation, Kisumu Central, Kisu"
18,6966453737,Obunga Market,unclassified,-0.0816245,34.76504,,Industrial Area,"Salem, Industrial Area, Nyawita sublocation, Kisumu Central, Kisumu, City of Kis"
19,6969176795,Nyamasaria,unclassified,-0.1167143,34.7871522,Nairobi Road,Kasule sublocation,"Nairobi Road, Nyamasaria shoping center, Kasule sublocation, Kolwa Central ward,"
20,7181814601,Naivas Food Market,supermarket,-0.1067626,34.7704819,Ondiek Highway,Northern sublocation,"Ondiek Highway, Ten Houses, Northern sublocation, Market Milimani ward, Kisumu, "
22,7227559253,QuickMart,supermarket,-0.1172055,34.7591898,Ring Road,Southern sublocation,"Ring Road, Kachok, Southern sublocation, Nyalenda B ward, Kisumu, City of Kisumu"
23,7229869113,Choppies,supermarket,-0.116943,34.7875621,Nairobi Road,Kasule sublocation,"Nairobi Road, Nyamasaria shoping center, Kasule sublocation, Kolwa Central ward,"
24,7229869128,Quickmart- Kondele,supermarket,-0.0835541,34.7754727,Kibos Road,Manyatta A,"Kibos Road, Corner Legio, Manyatta A, Migosi ward, Kisumu, City of Kisumu, Kisum"
25,7229869129,Shivling,supermarket,-0.0819533,34.7751694,,Migosi,"Fourems, Migosi, Kisumu Central, Kisumu, City of Kisumu, Kisumu, 40103, Kenya"
26,7230512297,Gambogi,unclassified,-0.0016911,34.7397444,Kisumu-Vihiga Road,,"Kisumu-Vihiga Road, Jepkoyai ward, Hamisi, Vihiga, Kenya"
28,8814265702,Mama Papa's Shop,general,-0.1191967,34.76467,,Nyalenda A,"Nyalenda A, Kisumu East, Kisumu, City of Kisumu, Kisumu, 40141, Kenya"
30,8814390051,Honda Nafuu General Store,general,-0.0975267,34.7786233,,Manyatta A,"Sije, Manyatta A, Kisumu Central, Kisumu, City of Kisumu, Kisumu, 40103, Kenya"
31,8814394881,Mama Sally Shop,kiosk,-0.0977217,34.7781317,,Manyatta A,"Baraka, Manyatta A, Kisumu Central, Kisumu, City of Kisumu, Kisumu, 40103, Kenya"
34,8816862517,Dunga Market,unclassified,-0.1442633,34.73629,,,"Kisumu Central, Kisumu, City of Kisumu, Kisumu, Kenya"
35,8816875717,Kilo,unclassified,-0.120895,34.7550017,,Wadhare,"Wadhare, Kilo, Kisumu Central, Kisumu, City of Kisumu, Kisumu, 40141, Kenya"
36,8816877717,Simba Market,unclassified,-0.1191189,34.7528467,Tom Mboya Road,Milimani,"Tom Mboya Road, Milimani, Southern sublocation, Kisumu Central, Kisumu, City of "
37,8816877719,Kasawino,convenience,-0.108175,34.7837583,,Manyatta B,"Siany', Manyatta B, Kisumu East, Kisumu, City of Kisumu, Kisumu, 40103, Kenya"
38,8816890718,Corona market - kowino,unclassified,-0.114675,34.76901,,Nyalenda A,"Kasagam, Nyalenda A, Kisumu East, Kisumu, City of Kisumu, Kisumu, 40141, Kenya"
39,8816908517,Kasawino Market,unclassified,-0.1084567,34.7830067,,Manyatta B,"Siany', Manyatta B, Kisumu East, Kisumu, City of Kisumu, Kisumu, 40103, Kenya"
40,8816914817,Gesoko,unclassified,-0.1028217,34.7770083,,Manyatta B,"Gesoko, Manyatta B, Kisumu East, Kisumu, City of Kisumu, Kisumu, 40103, Kenya"
41,8816921346,Usodho J.G Shop,kiosk,-0.08866,34.7770067,Mosque-Kona Mbuta Road,Manyatta A,"Mosque-Kona Mbuta Road, Kona Mbuta, Manyatta A, Kisumu Central, Kisumu, City of "
42,8816941117,Corona Market 2,unclassified,-0.09202,34.77597,,Manyatta A,"Kona Mbaya, Baraka, Manyatta A, Kisumu Central, Kisumu, City of Kisumu, Kisumu, "
43,8816945517,Corona Market,unclassified,-0.0881583,34.777845,Mosque-Kona Mbuta Road,Manyatta A,"Mosque-Kona Mbuta Road, Kona Mbuta, Manyatta A, Kisumu Central, Kisumu, City of "
44,8816948717,Kona Mbuta Market,unclassified,-0.0881117,34.7806583,,Manyatta A,"Kosawo, Manyatta A, Kisumu Central, Kisumu, City of Kisumu, Kisumu, 40103, Kenya"
45,8816952917,Kaego,unclassified,-0.0875748,34.7829903,,Manyatta A,"Kona Maji, Manyatta A, Kisumu Central, Kisumu, City of Kisumu, Kisumu, 40103, Ke"
46,8816962317,Kondele Market,unclassified,-0.084175,34.7745917,Kibos Road,Manyatta A,"Kibos Road, Corner Legio, Manyatta A, Kisumu Central, Kisumu, City of Kisumu, Ki"
47,8816972117,Kaego Market,unclassified,-0.0816297,34.7845018,P241,Manyatta A,"P241, Sije, Manyatta A, Kisumu East, Kisumu, City of Kisumu, Kisumu, 40103, Keny"
48,8816972118,Lolwe Junction Market,unclassified,-0.0743766,34.781689,,Lolwe,"Lolwe shopping center, Lolwe, Kisumu Central, Kisumu, City of Kisumu, Kisumu, 40"
49,8816975418,Nyawita market,unclassified,-0.0805903,34.7716722,,Nyawita sublocation,"Quarry, Kondele, Nyawita sublocation, Kisumu Central, Kisumu, City of Kisumu, Ki"
50,8816984317,Ayanga Market Nyawita,unclassified,-0.0815979,34.7714588,,Nyawita sublocation,"Quarry, Kondele, Nyawita sublocation, Kisumu Central, Kisumu, City of Kisumu, Ki"
51,8816988617,Obunga Fish Market,unclassified,-0.0810567,34.7604283,Bypass Highway,Industrial Area,"Bypass Highway, Salem, Industrial Area, Bandari sublocation, Kisumu Central, Kis"
52,8816995517,Kombedu Market,unclassified,-0.0803143,34.7465815,,Bandari,"Bandari, Kogony sublocation, Central Kisumu ward, Kisumu, City of Kisumu, Kisumu"
53,8816996417,Kombedu,unclassified,-0.0797453,34.7464408,,Bandari,"Bandari, Kogony sublocation, Central Kisumu ward, Kisumu, City of Kisumu, Kisumu"
54,8817013517,Bandani Market,unclassified,-0.0793272,34.7413743,Kisumu-Busia Road,Bandari sublocation,"Kisumu-Busia Road, Airport, Bandari sublocation, Kisumu Central, Kisumu, City of"
56,8817126017,Riat Market,unclassified,-0.0762867,34.7298283,,Kogony',"Kogony', Kogony sublocation, Central Kisumu ward, Kisumu, City of Kisumu, Kisumu"
57,8817126018,Riat road side market,farm,-0.0765933,34.728975,D1893,Kogony sublocation,"D1893, Kogony sublocation, Central Kisumu ward, Kisumu, City of Kisumu, Kisumu W"
58,8817177117,Riat railway market,unclassified,-0.0769175,34.729264,D1893,Bandari sublocation,"D1893, Bandari sublocation, Kisumu Central, Kisumu, City of Kisumu, Kisumu West,"
59,8817263717,Bandani market,unclassified,-0.0755503,34.7089485,D242,Kogony' B,"D242, Kogony' B, Korando A sublocation, Central Kisumu ward, Kisumu, City of Kis"
60,8817300117,Kotetni market,unclassified,-0.08073,34.7078633,D242,Kogony' B,"D242, Kogony' B, Korando A sublocation, Central Kisumu ward, Kisumu, City of Kis"
62,8817517530,Handshake Wines and Spirits,alcohol,-0.0833061,34.7753706,Kibos Road,Manyatta A,"Kibos Road, Corner Legio, Manyatta A, Migosi ward, Kisumu, City of Kisumu, Kisum"
63,8817685608,Unknown,kiosk,-0.0835894,34.7751816,Kibos Road,Manyatta A,"Kibos Road, Corner Legio, Manyatta A, Migosi ward, Kisumu, City of Kisumu, Kisum"
65,8817734979,Aswanson Super Duka,wholesale,-0.0841454,34.7746317,,Manyatta A,"Corner Legio, Manyatta A, Kisumu Central, Kisumu, City of Kisumu, Kisumu, 40103,"
66,8820769660,Josato Butchery,butcher,-0.0850551,34.7748571,,Manyatta A,"Callbox, Manyatta A, Kisumu Central, Kisumu, City of Kisumu, Kisumu, 40103, Keny"
69,8820816082,Nyawita Dairy Shop,dairy,-0.0815694,34.7712899,,Nyawita sublocation,"Quarry, Kondele, Nyawita sublocation, Kisumu Central, Kisumu, City of Kisumu, Ki"
70,8820816309,Denis Shop,kiosk,-0.0814791,34.7712572,,Nyawita sublocation,"Quarry, Kondele, Nyawita sublocation, Kisumu Central, Kisumu, City of Kisumu, Ki"
71,8820820649,Signet Shop,kiosk,-0.0809901,34.7713845,,Nyawita sublocation,"Quarry, Kondele, Nyawita sublocation, Kisumu Central, Kisumu, City of Kisumu, Ki"
73,8820825354,Mama Juliet Shop,kiosk,-0.0811011,34.7714351,,Nyawita sublocation,"Quarry, Kondele, Nyawita sublocation, Kisumu Central, Kisumu, City of Kisumu, Ki"
75,8820855657,Kananga Everfresh Butchery,butcher,-0.0805837,34.7717521,,Nyawita sublocation,"Quarry, Kondele, Nyawita sublocation, Kisumu Central, Kisumu, City of Kisumu, Ki"
81,8820886815,NEEMA Dairy Shop,dairy,-0.0800864,34.7667771,,Nyawita sublocation,"Kamakowa, Tom Mboya Estate, Nyawita sublocation, Kisumu Central, Kisumu, City of"
82,8820899854,Butchery,butcher,-0.0799517,34.7670517,P208,Nyawita sublocation,"P208, Obunga-sega Sega, Tom Mboya Estate, Nyawita sublocation, Kisumu Central, K"
84,8820906538,Imani Meat Butchery,butcher,-0.0803643,34.76621,P208,Kanyakwar sublocation,"P208, Obunga-sega Sega, Tom Mboya Estate, Kanyakwar sublocation, Kisumu Central,"
85,8823995282,Juba General shop,kiosk,-0.0808214,34.7664914,,Nyawita sublocation,"Kamakowa, Tom Mboya Estate, Nyawita sublocation, Kisumu Central, Kisumu, City of"
86,8824025979,Three Star Butchery,butcher,-0.0815633,34.7652117,P208,Nyawita sublocation,"P208, Obunga-sega Sega, Tom Mboya Estate, Nyawita sublocation, Kisumu Central, K"
87,8824028730,Edu Shop,kiosk,-0.0812517,34.7654833,P208,Nyawita sublocation,"P208, Obunga-sega Sega, Tom Mboya Estate, Nyawita sublocation, Kisumu Central, K"
88,8824029560,Holos Wines and Spitits,alcohol,-0.0809141,34.7663913,,Nyawita sublocation,"Kamakowa, Tom Mboya Estate, Nyawita sublocation, Kisumu Central, Kisumu, City of"
90,8824050876,Riverside Shop,kiosk,-0.081095,34.7645133,,Industrial Area,"Salem, Industrial Area, Nyawita sublocation, Kisumu Central, Kisumu, City of Kis"
91,8824052507,Baba Nelfa Shop,kiosk,-0.0812533,34.7648867,,Industrial Area,"Salem, Industrial Area, Nyawita sublocation, Kisumu Central, Kisumu, City of Kis"
92,8824052508,Mama Manu Shop,kiosk,-0.0809,34.7643833,,Industrial Area,"Salem, Industrial Area, Bandari sublocation, Kisumu Central, Kisumu, City of Kis"
93,8824061915,Joy Butchery,butcher,-0.0815383,34.7650583,,Industrial Area,"Salem, Industrial Area, Bandari sublocation, Kisumu Central, Kisumu, City of Kis"
95,8824066818,Kuku Shop,butcher,-0.0812117,34.7648917,,Industrial Area,"Salem, Industrial Area, Nyawita sublocation, Kisumu Central, Kisumu, City of Kis"
96,8824073827,Grocery Stall,greengrocer,-0.080635,34.764155,,Industrial Area,"Salem, Industrial Area, Bandari sublocation, Kisumu Central, Kisumu, City of Kis"
97,8824095656,Kajaloka Shop,kiosk,-0.079965,34.76328,,Kanyakwar,"Obunga-kasarani, Kanyakwar, Kanyakwar sublocation, Kisumu Central, Kisumu, City "
98,8824115284,Mercy Cereals,greengrocer,-0.0799517,34.764215,,Industrial Area,"Salem, Industrial Area, Kanyakwar sublocation, Kisumu Central, Kisumu, City of K"
99,8824117358,Jaseme Shop,kiosk,-0.0800917,34.7635417,,Kanyakwar sublocation,"Kudho, Kanyakwar sublocation, Kisumu Central, Kisumu, City of Kisumu, Kisumu, 40"
100,8987955679,Manyatta Market,unclassified,-0.0975554,34.7785944,,Manyatta A,"Sije, Manyatta A, Kisumu Central, Kisumu, City of Kisumu, Kisumu, 40103, Kenya"
101,9126367969,Unknown,greengrocer,-0.1043701,34.7519231,,Southern sublocation,"Lower Railways, k.b.c., Southern sublocation, Kisumu Central, Kisumu, City of Ki"
102,9126374353,Drink and smile,water,-0.1042736,34.7518879,New Station Road,Southern sublocation,"New Station Road, Lower Railways, k.b.c., Southern sublocation, Kisumu Central, "
103,9443804417,Queen Soap,chemist,-0.1110779,34.7693277,,Nyalenda A,"Kasagam, Nyalenda A, Kisumu East, Kisumu, City of Kisumu, Kisumu, 40141, Kenya"
105,9443804425,Mama Brax Shop,chemist,-0.0659193,34.7047465,,Korando A sublocation,"Korando A sublocation, Central Kisumu ward, Kisumu, City of Kisumu, Kisumu West,"
109,9443804444,Sharon,chemist,-0.1009514,34.7690236,,Brilliant,"Brilliant, Polyview, Kisumu Central, Kisumu, City of Kisumu, Kisumu, 40103, Keny"
110,9443804446,Cynthia Atieno,chemist,-0.0751447,34.7813578,P241,Migosi,"P241, Lolwe shopping center, Migosi, Kisumu Central, Kisumu, City of Kisumu, Kis"
114,9443804462,Nelly's House,chemist,-0.1227859,34.753216,,Wadhare,"Wadhare, Kilo, Kisumu Central, Kisumu, City of Kisumu, Kisumu, 40141, Kenya"
117,9443804470,Vincent's Shop,chemist,-0.1183712,34.7602091,,k.b.c.,"k.b.c., Pandipieri, Nyalenda B ward, Kisumu, City of Kisumu, Kisumu, 40141, Keny"
120,9443804487,Andrew Ater,chemist,-0.082992,34.8002358,,Kasule,"Kasule, Kasule sublocation, Kisumu East, Kisumu, City of Kisumu, Kisumu, 40103, "
122,9443804492,Dennis,chemist,-0.0713507,34.781385,,Lolwe,"Afya Estate, Lolwe, Kisumu Central, Kisumu, City of Kisumu, Kisumu, 40103, Kenya"
124,9443804498,Suprima Industries,chemist,-0.0954574,34.7527257,Obote Road,Bandari sublocation,"Obote Road, Kamas, Bandari sublocation, Railways ward, Kisumu, City of Kisumu, K"
126,9443804517,Mironga,chemist,-0.0713655,34.781385,,Lolwe,"Afya Estate, Lolwe, Kisumu Central, Kisumu, City of Kisumu, Kisumu, 40103, Kenya"
127,9443804519,Yvonne,chemist,-0.0704857,34.8113723,Kibos Road,Nyalunya sublocation,"Kibos Road, Elgon, Ogango, Nyalunya sublocation, Kolwa Central ward, Kisumu, Cit"
128,9443804521,Carruthers East Africa,chemist,-0.0545839,34.7920343,,West Kajulu location,"Wathorego sublocation, West Kajulu location, Kisumu East, Kisumu, City of Kisumu"
131,9443804537,Lord General Shop,chemist,-0.0976701,34.777944,,Manyatta A,"Baraka, Manyatta A, Kisumu Central, Kisumu, City of Kisumu, Kisumu, 40103, Kenya"
134,9443804549,Elias,chemist,-0.1186567,34.7599544,,Wadhare,"Wadhare, Pandipieri, Nyalenda B ward, Kisumu, City of Kisumu, Kisumu, 40141, Ken"
141,9446338304,Naomi Achieng,chemist,-0.083015,34.8002048,,Kasule,"Kasule, Kasule sublocation, Kisumu East, Kisumu, City of Kisumu, Kisumu, 40103, "
148,9446395025,Carter's Shaop,chemist,-0.0772688,34.7779309,,Migosi,"Salina, Migosi, Kisumu Central, Kisumu, City of Kisumu, Kisumu, 40103, Kenya"
149,9446395026,Otom Investments,chemist,-0.0828786,34.770735,Bypass Highway,Nyawita sublocation,"Bypass Highway, Kamakowa, Kondele, Nyawita sublocation, Kisumu Central, Kisumu, "
150,9446395031,Deborah Ouma Odindo Shop,chemist,-0.0755421,34.7086556,,Kogony' B,"Kogony' B, Korando A sublocation, Central Kisumu ward, Kisumu, City of Kisumu, K"
162,9446395094,Olenyo Shop,chemist,-0.0907746,34.78157,N29;Kisumu,Manyatta A,"N29;Kisumu, Corner Legio, Manyatta A, Kisumu Central, Kisumu, City of Kisumu, Ki"
163,9446395095,KCB Mpesa Shop,chemist,-0.0751677,34.7080056,,Kogony' B,"Kogony' B, Korando A sublocation, Central Kisumu ward, Kisumu, City of Kisumu, K"
171,9446395117,Babby,chemist,-0.0990553,34.7697439,,Brilliant,"Brilliant, Polyview, Kisumu Central, Kisumu, City of Kisumu, Kisumu, 40103, Keny"
176,9446395130,No Name Yet,chemist,-0.0827604,34.7708349,Bypass Highway,Nyawita sublocation,"Bypass Highway, Kamakowa, Kondele, Nyawita sublocation, Kisumu Central, Kisumu, "
178,9446395135,Her House,chemist,-0.1285161,34.7471476,,Nanga,"Nanga, Katworo, Kisumu Central, Kisumu, City of Kisumu, Kisumu, 40141, Kenya"
181,9462604704,Eric Welding Shop,chemist,-0.0895694,34.7760295,Bypass Highway,Gonda,"Bypass Highway, Gonda, Arina, Kondele ward, Kisumu, City of Kisumu, Kisumu, 4010"
187,9462619420,Cynthia's Shop,chemist,-0.1007601,34.7688561,,Polyview,"Polyview, Kisumu Central, Kisumu, City of Kisumu, Kisumu, 40103, Kenya"
192,9462619432,Princess Marcos,chemist,-0.0712652,34.7812586,,Lolwe,"Afya Estate, Lolwe, Kisumu Central, Kisumu, City of Kisumu, Kisumu, 40103, Kenya"
195,9462619443,Gulflab Chemical Co.Ltd,chemist,-0.1009976,34.7507304,,Bandari sublocation,"Kamas, Jua Kali, Bandari sublocation, Railways ward, Kisumu, City of Kisumu, Kis"
200,9462619461,Bb,chemist,-0.0952496,34.7671143,,Manyatta A,"Celtel Estate, Kaloleni, Manyatta A, Shauri Moyo Kaloleni Ward, Kisumu, City of "
202,9462619464,Kona Shop,chemist,-0.1010382,34.7679492,Ondiek Highway,Northern sublocation,"Ondiek Highway, Ten Houses, Northern sublocation, Shauri Moyo Kaloleni Ward, Kis"
211,9462619487,David,chemist,-0.0829795,34.7779881,London Guest House Road,Manyatta A,"London Guest House Road, Corner Legio, Manyatta A, Kisumu Central, Kisumu, City "
213,9462619492,Kibos Sugar,chemist,-0.0622435,34.8159054,Tingwangi-Kibos prison Rd.,Chiga sublocation,"Tingwangi-Kibos prison Rd., Chiga sublocation, Sugar Research, Miwani ward, City"
221,9462619523,Safe Water And Aids Project,chemist,-0.1105808,34.761828,,Southern sublocation,"Kisumu National Museum, Southern sublocation, Kisumu Central, Kisumu, City of Ki"
224,9462619528,Kibos Sugar,chemist,-0.0711163,34.8093784,,Nyalunya sublocation,"Nyalunya sublocation, Kolwa Central ward, Kisumu, City of Kisumu, Kisumu, 40103,"
229,9462619554,Beatrice Enterprises Limited,chemist,-0.0598471,34.779653,,West Kajulu location,"Konya sublocation, West Kajulu location, Kisumu East, Kisumu, City of Kisumu, Ki"
242,9462682162,Equitor Bottlers,chemist,-0.0862831,34.7412319,Old Airport Road,Bandari sublocation,"Old Airport Road, Airport, Bandari sublocation, Kisumu Central, Kisumu, City of "
245,9462682188,Joel Enterprise,chemist,-0.1205949,34.7545309,Ring Road,Milimani,"Ring Road, Kachok, Milimani, Southern sublocation, Kisumu Central, Kisumu, City "
249,9462682201,Flozy Detergent,chemist,-0.1169505,34.759302,Awour Otieno Road,Southern sublocation,"Awour Otieno Road, k.b.c., Southern sublocation, Kisumu Central, Kisumu, City of"
254,9462682918,Industrial Detergent,chemist,-0.1009915,34.7612167,,Northern sublocation,"Police Line, Northern sublocation, Market Milimani ward, Kisumu, City of Kisumu,"
257,9462682926,Judy's Shop,chemist,-0.1130299,34.765803,Ring Road,Southern sublocation,"Ring Road, Kachok, Southern sublocation, Kisumu Central, Kisumu, City of Kisumu,"
260,9462682944,Dorothy Amayamu,chemist,-0.0830757,34.7787198,London Guest House Road,Manyatta A,"London Guest House Road, Corner Legio, Manyatta A, Kisumu Central, Kisumu, City "
265,9462682963,Maurice Cleaners,chemist,-0.0830025,34.7706262,Bypass Highway,Nyawita sublocation,"Bypass Highway, Kamakowa, Kondele, Nyawita sublocation, Kisumu Central, Kisumu, "
273,9462682998,Linet Oliech,chemist,-0.05738,34.7826752,,West Kajulu location,"Mamboleo Market, Konya sublocation, West Kajulu location, Kisumu East, Kisumu, C"
275,9462683006,Rose Bella,chemist,-0.0578029,34.7852297,,West Kajulu location,"Mamboleo Market, Wathorego sublocation, West Kajulu location, Kisumu East, Kisum"
300,9465883861,Lohman Chemicals,chemist,-0.0823498,34.7756884,,Migosi,"Fourems, Migosi, Kisumu Central, Kisumu, City of Kisumu, Kisumu, 40103, Kenya"
303,9465883869,House,chemist,-0.1296197,34.7456371,,Nanga,"Nanga, Katworo, Kisumu Central, Kisumu, City of Kisumu, Kisumu, 40141, Kenya"
305,9465883875,Goreti Shop,chemist,-0.124715,34.7530067,,Wadhare,"Wadhare, Kilo, Kisumu Central, Kisumu, City of Kisumu, Kisumu, 40141, Kenya"
308,9465883900,Cyneth Home Wash,chemist,-0.0766375,34.7775038,,Migosi,"Kapenesa, Migosi, Kisumu Central, Kisumu, City of Kisumu, Kisumu, 40103, Kenya"
309,9465883901,Winfrida Ochieng,chemist,-0.0829266,34.7785549,,Manyatta A,"Corner Legio, Manyatta A, Kisumu Central, Kisumu, City of Kisumu, Kisumu, 40103,"
311,9465883904,Beatrice,chemist,-0.0826087,34.7797533,N29;Kisumu,Manyatta A,"N29;Kisumu, Kona Mbaya, Baraka, Manyatta A, Kisumu Central, Kisumu, City of Kisu"
323,9465905636,Home Based,chemist,-0.0949876,34.7801283,,Manyatta A,"Sije, Manyatta A, Kisumu Central, Kisumu, City of Kisumu, Kisumu, 40103, Kenya"
324,9465905637,Linet Atieno Omollo,chemist,-0.0830158,34.8002191,,Kasule,"Kasule, Kasule sublocation, Kisumu East, Kisumu, City of Kisumu, Kisumu, 40103, "
332,9465905661,Dorcass,chemist,-0.0967368,34.7810021,N29,Manyatta B,"N29, Kwoyo, Manyatta B, Kisumu Central, Kisumu, City of Kisumu, Kisumu, 40103, K"
356,9465905761,Ziki,chemist,-0.0814662,34.7653854,P208,Nyawita sublocation,"P208, Obunga-sega Sega, Tom Mboya Estate, Nyawita sublocation, Kisumu Central, K"
357,9465905764,Aqua Foss,chemist,-0.12578,34.75385,,Nyalenda B,"Wadhare, Nyalenda B, Kisumu Central, Kisumu, City of Kisumu, Kisumu, 40141, Keny"
360,9465905769,Fifi Detergents,chemist,-0.1176661,34.7592865,Ring Road,Milimani,"Ring Road, Kachok, Milimani, Southern sublocation, Nyalenda B ward, Kisumu, City"
371,9467664683,Cadra,chemist,-0.0814732,34.7816278,Kibos Road,Manyatta A,"Kibos Road, Corner Legio, Manyatta A, Kisumu Central, Kisumu, City of Kisumu, Ki"
377,9467664702,Dee Biz,chemist,-0.120614,34.754366,L21;Kisumu,Milimani,"L21;Kisumu, Milimani, Southern sublocation, Kisumu Central, Kisumu, City of Kisu"
384,9467698826,Moniq,chemist,-0.1205534,34.7543576,L21;Kisumu,Milimani,"L21;Kisumu, Milimani, Southern sublocation, Kisumu Central, Kisumu, City of Kisu"
388,9467698836,House,chemist,-0.1324017,34.743435,Harambee Road,Nyangienda,"Harambee Road, Nyangienda, Katworo, Kisumu Central, Kisumu, City of Kisumu, Kisu"
391,9467698840,Real Fasion,chemist,-0.095655,34.7673314,Ramogi Road,Northern sublocation,"Ramogi Road, Celtel Estate, Pembe Tatu, Northern sublocation, Kisumu Central, Ki"
392,9467698842,Lilian Oyugi,chemist,-0.0952358,34.7669469,,Manyatta A,"Police Dog Unit, Kaloleni, Manyatta A, Shauri Moyo Kaloleni Ward, Kisumu, City o"
393,9467698844,Brook,chemist,-0.0990553,34.7697439,,Brilliant,"Brilliant, Polyview, Kisumu Central, Kisumu, City of Kisumu, Kisumu, 40103, Keny"
397,9467698854,Agustin Shop,chemist,-0.0956436,34.7673327,Ramogi Road,Northern sublocation,"Ramogi Road, Celtel Estate, Pembe Tatu, Northern sublocation, Kisumu Central, Ki"
398,9467698861,Pheny,chemist,-0.1202091,34.761459,,Wadhare,"Wadhare, Pandipieri, Kisumu Central, Kisumu, City of Kisumu, Kisumu, 40141, Keny"
400,9467698871,Eunice,chemist,-0.1171852,34.7622201,,Nyalenda A,"Nyalenda A, Kisumu East, Kisumu, City of Kisumu, Kisumu, 40141, Kenya"
401,9467698872,Shayla,chemist,-0.0957017,34.7671989,Ramogi Road,Northern sublocation,"Ramogi Road, Celtel Estate, Northern sublocation, Kisumu Central, Kisumu, City o"
407,9467698906,James,chemist,-0.0786617,34.7691515,P208,Nyawita sublocation,"P208, Obunga-sega Sega, Tom Mboya Estate, Nyawita sublocation, Kisumu Central, K"
411,9467698918,Mama Gloria Shop,chemist,-0.1161411,34.786713,,Nyamasaria,"Nyamasaria shoping center, Nyamasaria, Kasule sublocation, Kisumu East, Kisumu, "
413,9467698921,Mama Jay,chemist,-0.1189273,34.7598649,,Wadhare,"Wadhare, k.b.c., Pandipieri, Nyalenda B ward, Kisumu, City of Kisumu, Kisumu, 40"
419,9467698936,Filida Quick Access,chemist,-0.1230309,34.7522629,,Milimani,"Milimani, Southern sublocation, Nyalenda B ward, Kisumu, City of Kisumu, Kisumu,"
420,9467698939,Stacy,chemist,-0.0967368,34.7810021,N29,Manyatta B,"N29, Kwoyo, Manyatta B, Kisumu Central, Kisumu, City of Kisumu, Kisumu, 40103, K"
424,9467698955,Jesca Shop,chemist,-0.1130299,34.765803,Ring Road,Southern sublocation,"Ring Road, Kachok, Southern sublocation, Kisumu Central, Kisumu, City of Kisumu,"
428,9467698969,Joseph,chemist,-0.0992005,34.7804817,,Manyatta B,"Kwoyo, Manyatta B, Kisumu East, Kisumu, City of Kisumu, Kisumu, 40103, Kenya"
432,9467698984,Jannet Shop,chemist,-0.0779769,34.7920643,,Kasule sublocation,"Elgon, Ogango, Kasule sublocation, Kisumu East, Kisumu, City of Kisumu, Kisumu, "
434,9467698989,Flevicks Complex Shop,chemist,-0.0607037,34.7806516,C674,West Kajulu location,"C674, Mamboleo Market, Konya sublocation, West Kajulu location, Kisumu East, Kis"
436,9467698996,Monroe Beauty Shop,chemist,-0.0890568,34.7701046,,Manyatta A,"Police Dog Unit, Manyatta A, Kisumu Central, Kisumu, City of Kisumu, Kisumu, 401"
438,9467699005,Kibos Sugar And Allied Industries,chemist,-0.1038568,34.7576471,Omolo Agar Road,Southern sublocation,"Omolo Agar Road, Sansora Estate, k.b.c., Southern sublocation, Kisumu Central, K"
439,9467699012,Bether,chemist,-0.1150767,34.7647999,,Nyalenda A,"Nyalenda A, Kisumu East, Kisumu, City of Kisumu, Kisumu, 40141, Kenya"
444,10559137642,Chandarana FoodPlus,supermarket,-0.1068974,34.7520682,Got Huma Road,Southern sublocation,"Got Huma Road, Civil Servants, Southern sublocation, Kisumu Central, Kisumu, Cit"
448,10579036149,Micromed Pharmacy,chemist,-0.0830038,34.774878,Kakamega Road,Nyawita sublocation,"Kakamega Road, Quarry, Kondele, Nyawita sublocation, Migosi ward, Kisumu, City o"
450,10588857558,Roastiez butchery,butcher,-0.0929534,34.7638524,,Industrial Area,"Wayside Shopping Centre, Industrial Area, Bandari sublocation, Shauri Moyo Kalol"
451,10588857559,Platinum Liquor World,alcohol,-0.0928839,34.7637912,,Bandari sublocation,"Wayside Shopping Centre, Mosque Estate, Bandari sublocation, Shauri Moyo Kalolen"
454,10718898100,Nyawita,unclassified,-0.0781062,34.7727546,,Nyawita sublocation,"Quarry, Kondele, Nyawita sublocation, Kisumu Central, Kisumu, City of Kisumu, Ki"
459,10860047051,Bukuga Market,unclassified,0.0349866,34.691672,,,"Mungoma ward, Vihiga Subcounty, Vihiga, Kenya"
460,10898735238,Carrefour,supermarket,-0.0983258,34.7625758,Gumbi Road,Northern sublocation,"Gumbi Road, Ten Houses, Ondiek Estate, Northern sublocation, Market Milimani war"
465,10898822430,Carrefour,supermarket,-0.104131,34.7527208,Oginga Odinga Street,Southern sublocation,"Oginga Odinga Street, Lower Railways, k.b.c., Southern sublocation, Kisumu Centr"
466,10898822431,Beyond Fruits,greengrocer,-0.1039848,34.7526448,Oginga Odinga Street,Southern sublocation,"Oginga Odinga Street, Lower Railways, k.b.c., Southern sublocation, Kisumu Centr"
497,10921144544,Prafulla enterprises Ltd.,wholesale,-0.0975036,34.7501618,Obote Road,Bandari sublocation,"Obote Road, Kamas, Jua Kali, Bandari sublocation, Railways ward, Kisumu, City of"
507,10921245484,Bachulal popatlal,gas,-0.096264,34.7518993,Obote Road,Bandari sublocation,"Obote Road, Kamas, Jua Kali, Bandari sublocation, Railways ward, Kisumu, City of"
508,10921245485,Mjengo Supermart,wholesale,-0.0961663,34.7520166,Obote Road,Bandari sublocation,"Obote Road, Kamas, Bandari sublocation, Railways ward, Kisumu, City of Kisumu, K"
516,10921245494,U shop,wholesale,-0.0951773,34.7526606,Obote Road,Bandari sublocation,"Obote Road, Kamas, Jua Kali, Bandari sublocation, Railways ward, Kisumu, City of"
517,10921245495,Healthy U,supermarket,-0.1042203,34.752035,New Station Road,Southern sublocation,"New Station Road, Lower Railways, k.b.c., Southern sublocation, Kisumu Central, "
537,10928805131,Sunbake Enterprises,wholesale,-0.0909562,34.7565784,Obote Road,Bandari sublocation,"Obote Road, Kamas, Jua Kali, Bandari sublocation, Railways ward, Kisumu, City of"
538,10928805132,Nyanza Sugar & produce Ltd,farm,-0.09146,34.756338,Obote Road,Bandari sublocation,"Obote Road, Kamas, Jua Kali, Bandari sublocation, Railways ward, Kisumu, City of"
539,10928805133,Kenya Wine Agencies Ltd,alcohol,-0.091586,34.756267,Obote Road,Bandari sublocation,"Obote Road, Kamas, Bandari sublocation, Railways ward, Kisumu, City of Kisumu, K"
545,10928935692,Mawele Wines & Spirits,alcohol,-0.0979224,34.7512343,Paul Mbuya Road,Bandari sublocation,"Paul Mbuya Road, Kamas, Jua Kali, Bandari sublocation, Railways ward, Kisumu, Ci"
546,10928935693,Paul Packaging Items,wholesale,-0.0979792,34.7512878,Paul Mbuya Road,Bandari sublocation,"Paul Mbuya Road, Kamas, Jua Kali, Bandari sublocation, Railways ward, Kisumu, Ci"
548,10928935695,Unknown,kiosk,-0.0980372,34.7550798,A12,Bandari sublocation,"A12, Kamas, Jua Kali, Bandari sublocation, Railways ward, Kisumu, City of Kisumu"
549,10928935696,Apechem Agrovet,agrarian,-0.0979593,34.7550042,Otieno Oyoo Street,Bandari sublocation,"Otieno Oyoo Street, Kamas, Bandari sublocation, Railways ward, Kisumu, City of K"
556,10928935961,Salpro Kisumu Ltd,wholesale,-0.0981696,34.7516986,Accra Street,Bandari sublocation,"Accra Street, Kamas, Jua Kali, Bandari sublocation, Railways ward, Kisumu, City "
578,10931608141,Boom Mart,supermarket,-0.078952,34.7843248,P241,Migosi,"P241, CarWash, Migosi, Kisumu Central, Kisumu, City of Kisumu, Kisumu, 40103, Ke"
579,10931608142,Unknown,alcohol,-0.0804934,34.7845008,,,"Kisumu East, Kisumu, City of Kisumu, Kisumu, 40103, Kenya"
580,10931608143,Unknown,alcohol,-0.0805919,34.7845031,,,"Kisumu East, Kisumu, City of Kisumu, Kisumu, 40103, Kenya"
581,10931608144,Unknown,alcohol,-0.0799828,34.7850046,,,"Kisumu East, Kisumu, City of Kisumu, Kisumu, 40103, Kenya"
593,10931690117,Famaroma Enterprises,kiosk,-0.0581451,34.7848082,C674,West Kajulu location,"C674, Mamboleo Market, Wathorego sublocation, West Kajulu location, Kisumu East,"
594,10931690118,Singo Butchery,butcher,-0.0612725,34.7798423,C674,West Kajulu location,"C674, Mamboleo Market, Konya sublocation, West Kajulu location, Kisumu East, Kis"
600,10933997337,Jossy G Traders Shop,kiosk,-0.0838278,34.7747072,Kibos Road,Manyatta A,"Kibos Road, Corner Legio, Manyatta A, Migosi ward, Kisumu, City of Kisumu, Kisum"
604,10933997344,wema feeds,agrarian,-0.0833781,34.7750547,Kibos Road,Manyatta A,"Kibos Road, Corner Legio, Manyatta A, Migosi ward, Kisumu, City of Kisumu, Kisum"
605,10933997347,Wise choice Kenya bakeries,bakery,-0.0833423,34.7751861,Kibos Road,Manyatta A,"Kibos Road, Corner Legio, Manyatta A, Migosi ward, Kisumu, City of Kisumu, Kisum"
606,10933997348,Kosogo wines and spitits,alcohol,-0.0833314,34.7752213,Kibos Road,Manyatta A,"Kibos Road, Corner Legio, Manyatta A, Migosi ward, Kisumu, City of Kisumu, Kisum"
609,10933997354,Fricada Liquor baze,alcohol,-0.0832826,34.7753358,Kibos Road,Manyatta A,"Kibos Road, Corner Legio, Manyatta A, Migosi ward, Kisumu, City of Kisumu, Kisum"
611,10933998079,Y&M wines and spirits,alcohol,-0.0816187,34.7796458,,Migosi,"Fourems, Migosi, Kisumu Central, Kisumu, City of Kisumu, Kisumu, 40103, Kenya"
612,10936324381,Yurop butchery,butcher,-0.084615,34.7731527,Jomo Kenyatta Highway,Nyawita sublocation,"Jomo Kenyatta Highway, Kondele, Nyawita sublocation, Kisumu Central, Kisumu, Cit"
615,10936324384,Unknown,kiosk,-0.0846984,34.7730737,Jomo Kenyatta Highway,Nyawita sublocation,"Jomo Kenyatta Highway, Kondele, Nyawita sublocation, Kisumu Central, Kisumu, Cit"
616,10936324385,Unknown,kiosk,-0.0846984,34.7730489,Jomo Kenyatta Highway,Nyawita sublocation,"Jomo Kenyatta Highway, Kondele, Nyawita sublocation, Kisumu Central, Kisumu, Cit"
617,10936335484,Unknown,kiosk,-0.0800925,34.7842398,Kibos Road,Manyatta A,"Kibos Road, Corner Legio, Manyatta A, Migosi ward, Kisumu, City of Kisumu, Kisum"
618,10936335485,Unknown,kiosk,-0.0801022,34.7841911,Kibos Road,Manyatta A,"Kibos Road, Corner Legio, Manyatta A, Kisumu Central, Kisumu, City of Kisumu, Ki"
619,10936335486,Unknown,kiosk,-0.0801254,34.7841498,Kibos Road,Manyatta A,"Kibos Road, Corner Legio, Manyatta A, Kisumu Central, Kisumu, City of Kisumu, Ki"
620,10936335487,Unknown,kiosk,-0.0800816,34.7842897,Kibos Road,Manyatta A,"Kibos Road, Corner Legio, Manyatta A, Migosi ward, Kisumu, City of Kisumu, Kisum"
624,10936347161,Fourems holdings,kiosk,-0.0820743,34.7786704,Kibos Road,Manyatta A,"Kibos Road, Corner Legio, Manyatta A, Kisumu Central, Kisumu, City of Kisumu, Ki"
626,10936347165,Unknown,butcher,-0.0818571,34.7788406,P234;Kisumu,Migosi,"P234;Kisumu, Fourems, Migosi, Kisumu Central, Kisumu, City of Kisumu, Kisumu, 40"
627,10936347166,sawa sawa wines & Spirits,alcohol,-0.0790444,34.7845388,P241,Migosi,"P241, CarWash, Migosi, Kisumu Central, Kisumu, City of Kisumu, Kisumu, 40103, Ke"
628,10936347167,Hills mount super butchery,butcher,-0.0791118,34.7844936,P241,Migosi,"P241, CarWash, Migosi, Kisumu Central, Kisumu, City of Kisumu, Kisumu, 40103, Ke"
631,10936347171,oyoma butchery,butcher,-0.0792236,34.7844412,P241,Migosi,"P241, CarWash, Migosi, Kisumu Central, Kisumu, City of Kisumu, Kisumu, 40103, Ke"
633,10936347173,Unknown,agrarian,-0.0793168,34.7844421,P241,Migosi,"P241, CarWash, Migosi, Kisumu Central, Kisumu, City of Kisumu, Kisumu, 40103, Ke"
639,10936347180,Unknown,butcher,-0.0802617,34.7844952,,,"Kisumu East, Kisumu, City of Kisumu, Kisumu, 40103, Kenya"
644,10936347185,Johns Liquor,alcohol,-0.079985,34.784734,,,"Kisumu East, Kisumu, City of Kisumu, Kisumu, 40103, Kenya"
645,10936347186,chicken shop,farm,-0.080018,34.7846405,,,"Kisumu East, Kisumu, City of Kisumu, Kisumu, 40103, Kenya"
646,10936347187,Emmy John's Gas center,gas,-0.0800042,34.7846771,,,"Kisumu East, Kisumu, City of Kisumu, Kisumu, 40103, Kenya"
647,10936347188,Geno pork & Chicken,butcher,-0.0799266,34.7842408,Kibos Road,Manyatta A,"Kibos Road, Corner Legio, Manyatta A, Migosi ward, Kisumu, City of Kisumu, Kisum"
650,10936384848,Nancyto wines & Spirits,alcohol,-0.0799089,34.7849246,,,"Kisumu East, Kisumu, City of Kisumu, Kisumu, 40103, Kenya"
654,10936497880,ziwani butchery,butcher,-0.0742888,34.7815067,,Lolwe,"Lolwe shopping center, Lolwe, Kisumu Central, Kisumu, City of Kisumu, Kisumu, 40"
655,10936497881,Unknown,greengrocer,-0.0745244,34.7818231,,Lolwe,"Lolwe shopping center, Lolwe, Kisumu Central, Kisumu, City of Kisumu, Kisumu, 40"
656,10936497882,Unknown,greengrocer,-0.0745712,34.7818599,,Lolwe,"Lolwe shopping center, Lolwe, Kisumu Central, Kisumu, City of Kisumu, Kisumu, 40"
657,10936507299,Unknown,butcher,-0.0745583,34.7816688,,Lolwe,"Lolwe shopping center, Lolwe, Kisumu Central, Kisumu, City of Kisumu, Kisumu, 40"
658,10936507300,Unknown,greengrocer,-0.0745055,34.7816239,,Lolwe,"Lolwe shopping center, Lolwe, Kisumu Central, Kisumu, City of Kisumu, Kisumu, 40"
663,10936507934,Denji Liquors,alcohol,-0.0747645,34.7820571,P241,Migosi,"P241, Lolwe shopping center, Migosi, Kisumu Central, Kisumu, City of Kisumu, Kis"
665,10936507937,Unknown,kiosk,-0.0746668,34.7819434,P241,Migosi,"P241, Lolwe shopping center, Migosi, Kisumu Central, Kisumu, City of Kisumu, Kis"
666,10936507938,Unknown,kiosk,-0.074657,34.781923,P241,Migosi,"P241, Lolwe shopping center, Migosi, Kisumu Central, Kisumu, City of Kisumu, Kis"
667,10936507939,Unknown,kiosk,-0.0746685,34.7819043,,Lolwe,"Lolwe shopping center, Lolwe, Kisumu Central, Kisumu, City of Kisumu, Kisumu, 40"
668,10936507940,Unknown,kiosk,-0.0746792,34.7817775,,Lolwe,"Lolwe shopping center, Lolwe, Kisumu Central, Kisumu, City of Kisumu, Kisumu, 40"
669,10936507941,Unknown,butcher,-0.0746349,34.7817323,,Lolwe,"Lolwe shopping center, Lolwe, Kisumu Central, Kisumu, City of Kisumu, Kisumu, 40"
683,10937101485,Unknown,butcher,-0.0812212,34.7806229,,Migosi,"Fourems, Migosi, Kisumu Central, Kisumu, City of Kisumu, Kisumu, 40103, Kenya"
685,10937108652,central butchery,butcher,-0.1038943,34.7576567,Omolo Agar Road,Southern sublocation,"Omolo Agar Road, Sansora Estate, Southern sublocation, Kisumu Central, Kisumu, C"
703,10940498841,Trishla wholesalers,wholesale,-0.0978161,34.7520106,Accra Street,Bandari sublocation,"Accra Street, Kamas, Jua Kali, Bandari sublocation, Railways ward, Kisumu, City "
705,10940498843,Jain Trading Ltd.,wholesale,-0.0978369,34.7523514,Accra Street,Bandari sublocation,"Accra Street, Kamas, Bandari sublocation, Railways ward, Kisumu, City of Kisumu,"
706,10940498844,Kendeep agencies,wholesale,-0.096932,34.7533833,Accra Street,Bandari sublocation,"Accra Street, Kamas, Jua Kali, Bandari sublocation, Railways ward, Kisumu, City "
708,10940498846,Victoria Bakery,bakery,-0.0967801,34.7532524,Accra Street,Bandari sublocation,"Accra Street, Kamas, Bandari sublocation, Railways ward, Kisumu, City of Kisumu,"
721,10941873516,Midrock farms ltd,agrarian,-0.0990339,34.7517624,Odera Street,Bandari sublocation,"Odera Street, Kamas, Bandari sublocation, Railways ward, Kisumu, City of Kisumu,"
723,10943819781,Afro Drip,agrarian,-0.0994984,34.750917,Odera Street,Bandari sublocation,"Odera Street, Kamas, Jua Kali, Bandari sublocation, Railways ward, Kisumu, City "
727,10943873313,Amalo company ltd.,wholesale,-0.0988973,34.7522388,Odera Street,Bandari sublocation,"Odera Street, Kamas, Jua Kali, Bandari sublocation, Railways ward, Kisumu, City "
769,11016540441,Zoro's cool drinking water,water,-0.1070431,34.7697873,Ondiek Highway,Northern sublocation,"Ondiek Highway, Ten Houses, Ondiek Estate, Northern sublocation, Market Milimani"
771,11016540446,Beyond Fruits,farm,-0.1079861,34.769631,Nairobi Road,Northern sublocation,"Nairobi Road, Police Line, Nyalenda Railways, Northern sublocation, Shauri Moyo "
774,11030023226,Roadside General store,general,-0.0954613,34.7686557,,Celtel Estate,"Celtel Estate, Pembe Tatu, Kisumu Central, Kisumu, City of Kisumu, Kisumu, 40100"
775,11030023227,Kim's Poultry,agrarian,-0.0954703,34.7685668,Ramogi Road,Northern sublocation,"Ramogi Road, Celtel Estate, Pembe Tatu, Northern sublocation, Kisumu Central, Ki"
780,11030023276,Beyond Fruits,greengrocer,-0.1070988,34.7518718,Achieng Oneko Road,Milimani,"Achieng Oneko Road, Civil Servants, Milimani, Southern sublocation, Kisumu Centr"
785,11034143944,marhaba,convenience,-0.1006279,34.7531505,Apindi Street,Milimani,"Apindi Street, Garissa Lodge, Milimani, Southern sublocation, Market Milimani wa"
788,11035432654,Umuya shop,kiosk,-0.0834251,34.7741285,Kakamega Road,Nyawita sublocation,"Kakamega Road, Quarry, Kondele, Nyawita sublocation, Kisumu Central, Kisumu, Cit"
790,11035432656,Rinas Milk shop,dairy,-0.083287,34.7742184,Kakamega Road,Nyawita sublocation,"Kakamega Road, Quarry, Kondele, Nyawita sublocation, Kisumu Central, Kisumu, Cit"
791,11035432658,sigma feeds,agrarian,-0.0830972,34.7742902,Kakamega Road,Nyawita sublocation,"Kakamega Road, Quarry, Kondele, Nyawita sublocation, Kisumu Central, Kisumu, Cit"
794,11035432662,Munyao poultry enterprises,agrarian,-0.0828433,34.7744072,Kakamega Road,Nyawita sublocation,"Kakamega Road, Quarry, Kondele, Nyawita sublocation, Kisumu Central, Kisumu, Cit"
795,11035432663,KIM's poultry enterprises,agrarian,-0.0827868,34.7744329,Kakamega Road,Nyawita sublocation,"Kakamega Road, Quarry, Kondele, Nyawita sublocation, Kisumu Central, Kisumu, Cit"
798,11035432669,Pramukh wholesale & retail,wholesale,-0.0822682,34.7750029,Kakamega Road,Nyawita sublocation,"Kakamega Road, Quarry, Kondele, Nyawita sublocation, Migosi ward, Kisumu, City o"
803,11041880762,Onion center,greengrocer,-0.0758722,34.7807062,,Migosi,"Lolwe shopping center, Migosi, Kisumu Central, Kisumu, City of Kisumu, Kisumu, 4"
804,11041880763,Manchi water,water,-0.075946,34.7805908,P241,Migosi,"P241, Lolwe shopping center, Migosi, Kisumu Central, Kisumu, City of Kisumu, Kis"
806,11044596296,Divineland milk & honey,dairy,-0.0811797,34.7845126,,,"Kisumu East, Kisumu, City of Kisumu, Kisumu, 40103, Kenya"
810,11044596300,Ondisore farmers choice depot,kiosk,-0.0809866,34.7845267,,,"Kisumu East, Kisumu, City of Kisumu, Kisumu, 40103, Kenya"
811,11044596301,zamani cake suppliers,bakery,-0.0808029,34.7843295,P241,Manyatta A,"P241, Sije, Baraka, Manyatta A, Kisumu East, Kisumu, City of Kisumu, Kisumu, 401"
815,11044610206,Lakeside Halal butchery,butcher,-0.0807211,34.7844952,,,"Kisumu East, Kisumu, City of Kisumu, Kisumu, 40103, Kenya"
822,11088822295,kibuye wholesalers,wholesale,-0.097737,34.7535512,Odera Street,Bandari sublocation,"Odera Street, Kamas, Bandari sublocation, Railways ward, Kisumu, City of Kisumu,"
824,11088822297,Galaiya stores Ltd,wholesale,-0.0972113,34.7537631,Odera Street,Bandari sublocation,"Odera Street, Kamas, Bandari sublocation, Railways ward, Kisumu, City of Kisumu,"
825,11094245646,Kijani purified,water,-0.0782233,34.7852488,,Migosi,"World Vision, Migosi, Kisumu Central, Kisumu, City of Kisumu, Kisumu, 40103, Ken"
827,11094246713,maziwa dairy,dairy,-0.0757865,34.7805121,P241,Migosi,"P241, Lolwe shopping center, Migosi, Kisumu Central, Kisumu, City of Kisumu, Kis"
828,11094246714,Farm fresh,dairy,-0.0758676,34.7801527,P241,Migosi,"P241, Lolwe shopping center, Migosi, Kisumu Central, Kisumu, City of Kisumu, Kis"
829,11094246716,Unknown,butcher,-0.075875,34.7800548,P241,Migosi,"P241, Lolwe shopping center, Migosi, Kisumu Central, Kisumu, City of Kisumu, Kis"
837,11094246725,Unknown,gas,-0.0759078,34.7785614,P241,Migosi,"P241, Lolwe shopping center, Migosi, Kisumu Central, Kisumu, City of Kisumu, Kis"
838,11094250478,westland veve shop,kiosk,-0.0758966,34.7806524,P241,Migosi,"P241, Lolwe shopping center, Migosi, Kisumu Central, Kisumu, City of Kisumu, Kis"
853,13714210033,pepsi,wholesale,-0.1390865,34.7975243,Kisumu-Nairobi Highway,Buoye,"Kisumu-Nairobi Highway, Buoye, Buoye sublocation, Kisumu East, Kisumu, City of K"
857,13714210045,Rabuor gen mart,wholesale,-0.1532883,34.8288615,C853,Kochieng sublocation,"C853, Kachienge, Kochieng sublocation, Rabour, Kobura ward, City of Kisumu, Nyan"
861,13749616722,tuffoam limited factory outlet,wholesale,-0.0954578,34.7676872,,Celtel Estate,"Celtel Estate, Pembe Tatu, Kisumu Central, Kisumu, City of Kisumu, Kisumu, 40100"
862,13749654037,taji,water,-0.0920758,34.7614069,,Bandari sublocation,"Mosque Estate, Bandari sublocation, Railways ward, Kisumu, City of Kisumu, Kisum"
863,13749654038,jaaria mini mart,supermarket,-0.0977095,34.7554512,Nyerere Road,Bandari sublocation,"Nyerere Road, Kamas, Jua Kali, Bandari sublocation, Railways ward, Kisumu, City "
864,13749654039,keki Na taji,bakery,-0.0920593,34.7615096,,Bandari sublocation,"Mosque Estate, Bandari sublocation, Railways ward, Kisumu, City of Kisumu, Kisum"
